{
    "image": ["incident", "screen", "incident", "car wheel"],
    "content": {
        "word": {
            "0": "car",
            "1": "warned",
            "2": "invincible",
            "3": "turning",
            "4": "closed"
        },
        "x": {
            "0": -0.5332247615,
            "1": -1.1958338022,
            "2": 1.170817852,
            "3": -1.3924382925,
            "4": 0.1888926923
        },
        "y": {
            "0": -1.8791081905,
            "1": -0.850225091,
            "2": -0.2876406908,
            "3": 0.7106280327,
            "4": -2.7247616053
        }
}}